{"cameraMode":{"drawMode":0,"name":"Shaded","section":"Shading Mode"},"sceneLighting":true,"audioPlay":false,"sceneViewState":{"m_AlwaysRefresh":false,"showFog":true,"showSkybox":true,"showFlares":true,"showImageEffects":true,"showParticleSystems":true,"showVisualEffectGraphs":true,"m_FxEnabled":true},"in2DMode":false,"pivot":{"x":1.1097466945648194,"y":-0.69270920753479,"z":19.510683059692384},"rotation":{"x":0.05546386539936066,"y":0.01647387072443962,"z":-0.0009152005659416318,"w":0.9983248114585877},"size":9.800787925720215,"orthographic":false}