{"cameraMode":{"drawMode":0,"name":"Shaded","section":"Shading Mode"},"sceneLighting":true,"audioPlay":false,"sceneViewState":{"m_AlwaysRefresh":false,"showFog":true,"showSkybox":true,"showFlares":true,"showImageEffects":true,"showParticleSystems":true,"showVisualEffectGraphs":true,"m_FxEnabled":true},"in2DMode":false,"pivot":{"x":1.3756873607635499,"y":2.0867786407470705,"z":8.898993492126465},"rotation":{"x":-0.06695050001144409,"y":0.9223418235778809,"z":-0.33198490738868716,"w":-0.18600712716579438},"size":31.790863037109376,"orthographic":false}